feature,importance
curvature_adherence,0.20456153887695416
angle_variance,0.15469391551013922
speed_variance,0.1454137772827567
mean_speed,0.14262631927054978
path_length,0.1422568624956005
accel_variance,0.1334956235681359
lane_changes,0.032623591400832
anti_clockwise,0.019262505329250498
corner_proximity,0.010599591023186491
forbidden_transitions,0.009370269586520425
is_stationary,0.005096005656074206
